first_name,last_name,email,phone1,phone2,phone1_intl,phone2_intl
Rebbecca,Didio,rebbecca.didio@didio.com.au,03-8174-9123,0458-665-290,+61-3-8174-9123,+61-458-665-290
Stevie,Hallo,stevie.hallo@hotmail.com,07-9997-3366,0497-622-620,+61-7-9997-3366,+61-497-622-620
Mariko,Stayer,mariko_stayer@hotmail.com,08-5558-9019,0427-885-282,+61-8-5558-9019,+61-427-885-282
Gerardo,Woodka,gerardo_woodka@hotmail.com,02-6044-4682,0443-795-912,+61-2-6044-4682,+61-443-795-912
Mayra,Bena,mayra.bena@gmail.com,02-1455-6085,0453-666-885,+61-2-1455-6085,+61-453-666-885
Idella,Scotland,idella@hotmail.com,08-7868-1355,0451-966-921,+61-8-7868-1355,+61-451-966-921
Sherill,Klar,sklar@hotmail.com,08-6522-8931,0427-991-688,+61-8-6522-8931,+61-427-991-688
Ena,Desjardiws,ena_desjardiws@desjardiws.com.au,02-5226-9402,0415-961-606,+61-2-5226-9402,+61-415-961-606
Vince,Siena,vince_siena@yahoo.com,07-3184-9989,0411-732-965,+61-7-3184-9989,+61-411-732-965
Theron,Jarding,tjarding@hotmail.com,08-6890-4661,0461-862-457,+61-8-6890-4661,+61-461-862-457
Amira,Chudej,amira.chudej@chudej.net.au,07-8135-3271,0478-867-289,+61-7-8135-3271,+61-478-867-289
Marica,Tarbor,marica.tarbor@hotmail.com,03-1174-6817,0494-982-617,+61-3-1174-6817,+61-494-982-617
Shawna,Albrough,shawna.albrough@albrough.com.au,07-7977-6039,0441-255-802,+61-7-7977-6039,+61-441-255-802
Paulina,Maker,paulina_maker@maker.net.au,08-8344-8929,0420-123-282,+61-8-8344-8929,+61-420-123-282
Rose,Jebb,rose@jebb.net.au,07-4941-9471,0496-441-929,+61-7-4941-9471,+61-496-441-929
Reita,Tabar,rtabar@hotmail.com,02-3518-7078,0431-669-863,+61-2-3518-7078,+61-431-669-863
Maybelle,Bewley,mbewley@yahoo.com,07-9387-7293,0448-221-640,+61-7-9387-7293,+61-448-221-640
Camellia,Pylant,camellia_pylant@gmail.com,02-5171-4345,0423-446-913,+61-2-5171-4345,+61-423-446-913
Roy,Nybo,rnybo@nybo.net.au,02-5311-7778,0416-394-795,+61-2-5311-7778,+61-416-394-795
Albert,Sonier,albert.sonier@gmail.com,07-9354-2612,0420-575-355,+61-7-9354-2612,+61-420-575-355
Hayley,Taghon,htaghon@taghon.net.au,02-1638-4380,0491-976-291,+61-2-1638-4380,+61-491-976-291
Norah,Daleo,ndaleo@daleo.net.au,02-5322-6127,0462-327-613,+61-2-5322-6127,+61-462-327-613
Rosina,Sidhu,rosina_sidhu@gmail.com,07-6460-4488,0458-753-924,+61-7-6460-4488,+61-458-753-924
Royal,Costeira,royal_costeira@costeira.com.au,07-5338-6357,0480-443-612,+61-7-5338-6357,+61-480-443-612
Barrie,Nicley,bnicley@nicley.com.au,03-6443-2786,0455-270-505,+61-3-6443-2786,+61-455-270-505
Linsey,Gedman,lgedman@gedman.net.au,07-4785-3781,0433-965-131,+61-7-4785-3781,+61-433-965-131
Laura,Bourbonnais,laura.bourbonnais@yahoo.com,03-6543-6688,0491-455-112,+61-3-6543-6688,+61-491-455-112
Fanny,Stoneking,fstoneking@hotmail.com,07-3721-9123,0465-778-983,+61-7-3721-9123,+61-465-778-983
Kristian,Ellerbusch,kristian@yahoo.com,08-2748-1250,0442-982-316,+61-8-2748-1250,+61-442-982-316
Gwen,Julye,gjulye@hotmail.com,03-7063-6734,0465-547-766,+61-3-7063-6734,+61-465-547-766
Ben,Majorga,ben.majorga@hotmail.com,02-8171-9051,0462-648-621,+61-2-8171-9051,+61-462-648-621
Trina,Oto,trina@oto.com.au,07-1153-8567,0460-377-727,+61-7-1153-8567,+61-460-377-727
Emelda,Geffers,emelda.geffers@gmail.com,08-7097-3947,0454-643-433,+61-8-7097-3947,+61-454-643-433
Zana,Ploszaj,zana_ploszaj@ploszaj.net.au,07-7991-8880,0430-656-502,+61-7-7991-8880,+61-430-656-502
Shaun,Rael,shaun.rael@rael.com.au,03-8998-5485,0498-627-281,+61-3-8998-5485,+61-498-627-281
Oren,Lobosco,olobosco@hotmail.com,02-5046-1307,0495-838-492,+61-2-5046-1307,+61-495-838-492
Catherin,Aguele,caguele@gmail.com,07-6476-1399,0444-150-950,+61-7-6476-1399,+61-444-150-950
Pearlene,Boudrie,pboudrie@boudrie.net.au,07-4463-7223,0462-627-260,+61-7-4463-7223,+61-462-627-260
Kathryn,Bonalumi,kathryn.bonalumi@yahoo.com,08-3071-2258,0455-699-311,+61-8-3071-2258,+61-455-699-311
Suzan,Landa,suzan.landa@gmail.com,07-1576-1412,0471-251-939,+61-7-1576-1412,+61-471-251-939
Sommer,Agar,sagar@agar.net.au,08-9130-3372,0486-599-199,+61-8-9130-3372,+61-486-599-199
Keena,Rebich,krebich@rebich.net.au,02-4972-3570,0468-708-802,+61-2-4972-3570,+61-468-708-802
Rupert,Hinkson,rupert_hinkson@hinkson.net.au,02-7160-2066,0489-430-358,+61-2-7160-2066,+61-489-430-358
Aleta,Poarch,apoarch@gmail.com,03-2691-1298,0419-138-629,+61-3-2691-1298,+61-419-138-629
Jamal,Korczynski,jamal_korczynski@gmail.com,02-3877-9654,0427-970-674,+61-2-3877-9654,+61-427-970-674
Luz,Broccoli,luz_broccoli@hotmail.com,07-2679-1774,0416-525-908,+61-7-2679-1774,+61-416-525-908
Janessa,Ruthers,janessa@yahoo.com,02-2367-6845,0410-358-989,+61-2-2367-6845,+61-410-358-989
Lavonne,Esco,lavonne.esco@yahoo.com,03-3474-2120,0444-359-546,+61-3-3474-2120,+61-444-359-546
Honey,Lymaster,honey_lymaster@lymaster.net.au,07-8087-2603,0411-717-109,+61-7-8087-2603,+61-411-717-109
Jean,Cecchinato,jean.cecchinato@gmail.com,08-5263-2786,0448-530-536,+61-8-5263-2786,+61-448-530-536
Katlyn,Flitcroft,kflitcroft@hotmail.com,07-1778-9968,0465-519-356,+61-7-1778-9968,+61-465-519-356
Cassie,Soros,csoros@gmail.com,08-2666-6390,0423-281-356,+61-8-2666-6390,+61-423-281-356
Rolf,Gene,rolf_gene@gene.com.au,02-4458-2810,0482-882-653,+61-2-4458-2810,+61-482-882-653
Darnell,Moothart,darnell_moothart@yahoo.com,02-3996-9188,0419-656-117,+61-2-3996-9188,+61-419-656-117
Cherilyn,Fraize,cherilyn_fraize@fraize.net.au,02-4873-1914,0468-743-337,+61-2-4873-1914,+61-468-743-337
Lynda,Lazzaro,lynda.lazzaro@gmail.com,03-4933-4205,0472-315-303,+61-3-4933-4205,+61-472-315-303
Leigha,Capelli,leigha.capelli@capelli.com.au,07-4823-9785,0432-580-634,+61-7-4823-9785,+61-432-580-634
Delfina,Binnie,delfina_binnie@binnie.net.au,08-3692-5784,0460-951-322,+61-8-3692-5784,+61-460-951-322
Carlota,Gephardt,carlota.gephardt@gephardt.com.au,02-5078-4389,0415-230-654,+61-2-5078-4389,+61-415-230-654
Alida,Helger,alida@helger.com.au,07-1642-3251,0412-699-567,+61-7-1642-3251,+61-412-699-567
Donte,Resureccion,donte.resureccion@yahoo.com,07-2373-6048,0478-459-448,+61-7-2373-6048,+61-478-459-448
Lou,Kriner,lou.kriner@hotmail.com,02-7328-3350,0496-387-592,+61-2-7328-3350,+61-496-387-592
Dortha,Vrieze,dortha@vrieze.net.au,03-1981-6209,0430-222-319,+61-3-1981-6209,+61-430-222-319
Genevive,Sanborn,genevive@hotmail.com,02-6246-5711,0431-413-930,+61-2-6246-5711,+61-431-413-930
Alease,Strawbridge,alease_strawbridge@strawbridge.com.au,07-3760-1546,0497-868-525,+61-7-3760-1546,+61-497-868-525
Veda,Mishkin,veda.mishkin@mishkin.com.au,07-6034-2422,0474-823-917,+61-7-6034-2422,+61-474-823-917
Craig,Vandersloot,craig_vandersloot@yahoo.com,02-5487-7528,0492-408-109,+61-2-5487-7528,+61-492-408-109
Lauran,Tovmasyan,ltovmasyan@tovmasyan.net.au,02-2546-5344,0459-680-488,+61-2-2546-5344,+61-459-680-488
Aaron,Kloska,aaron_kloska@kloska.net.au,07-9896-4827,0473-600-733,+61-7-9896-4827,+61-473-600-733
Francene,Skursky,francene.skursky@skursky.net.au,02-5941-3178,0485-944-417,+61-2-5941-3178,+61-485-944-417
Zena,Daria,zdaria@gmail.com,03-2822-8156,0466-820-981,+61-3-2822-8156,+61-466-820-981
Brigette,Breckenstein,brigette@breckenstein.com.au,03-5722-3451,0462-308-800,+61-3-5722-3451,+61-462-308-800
Jeniffer,Jezek,jeniffer@gmail.com,03-3268-5102,0493-644-827,+61-3-3268-5102,+61-493-644-827
Selma,Elm,selm@elm.net.au,03-9183-9493,0418-581-770,+61-3-9183-9493,+61-418-581-770
Elenora,Handler,ehandler@yahoo.com,08-5671-3318,0481-367-908,+61-8-5671-3318,+61-481-367-908
Nadine,Okojie,nadine.okojie@okojie.com.au,08-9746-2341,0424-801-736,+61-8-9746-2341,+61-424-801-736
Kristin,Shiflet,kristin@hotmail.com,03-4529-7210,0488-223-788,+61-3-4529-7210,+61-488-223-788
Melinda,Fellhauer,melinda_fellhauer@fellhauer.com.au,03-4387-3800,0493-258-647,+61-3-4387-3800,+61-493-258-647
Kirby,Litherland,kirby.litherland@hotmail.com,07-5284-3845,0480-676-186,+61-7-5284-3845,+61-480-676-186
Kent,Ivans,kent_ivans@yahoo.com,07-8661-4016,0429-746-524,+61-7-8661-4016,+61-429-746-524
Dan,Platz,dan_platz@hotmail.com,07-4306-1623,0441-978-907,+61-7-4306-1623,+61-441-978-907
Millie,Pirkl,millie_pirkl@gmail.com,03-6023-2680,0410-688-713,+61-3-6023-2680,+61-410-688-713
Moira,Qadir,moira.qadir@gmail.com,08-7687-4883,0471-106-909,+61-8-7687-4883,+61-471-106-909
Reta,Qazi,reta.qazi@yahoo.com,03-1974-9948,0446-105-779,+61-3-1974-9948,+61-446-105-779
Brittney,Lolley,brittney@lolley.net.au,03-4072-7094,0451-120-660,+61-3-4072-7094,+61-451-120-660
Leandro,Bolka,leandro_bolka@hotmail.com,03-8157-4609,0413-530-467,+61-3-8157-4609,+61-413-530-467
Edison,Sumera,edison.sumera@sumera.net.au,08-9114-1763,0463-377-181,+61-8-9114-1763,+61-463-377-181
Breana,Cassi,breana@yahoo.com,03-2305-8627,0495-644-883,+61-3-2305-8627,+61-495-644-883
Jarvis,Nicols,jarvis@gmail.com,08-2117-5217,0436-246-951,+61-8-2117-5217,+61-436-246-951
Felicitas,Orlinski,felicitas_orlinski@orlinski.com.au,03-2451-1896,0444-326-506,+61-3-2451-1896,+61-444-326-506
Geraldine,Neisius,geraldine@gmail.com,03-8243-2999,0440-707-817,+61-3-8243-2999,+61-440-707-817
Alfred,Pacleb,alfred@pacleb.net.au,08-9450-7978,0453-896-533,+61-8-9450-7978,+61-453-896-533
Leatha,Block,leatha_block@gmail.com,08-7635-8350,0445-211-162,+61-8-7635-8350,+61-445-211-162
Jacquelyne,Rosso,jacquelyne.rosso@yahoo.com,02-4565-6425,0464-763-350,+61-2-4565-6425,+61-464-763-350
Jonelle,Epps,jepps@hotmail.com,07-8085-8351,0461-339-731,+61-7-8085-8351,+61-461-339-731
Rosamond,Amlin,rosamond.amlin@gmail.com,02-8007-5034,0438-251-615,+61-2-8007-5034,+61-438-251-615
Johnson,Mcenery,johnson@gmail.com,02-1718-4983,0446-721-262,+61-2-1718-4983,+61-446-721-262
Elliot,Scatton,elliot.scatton@hotmail.com,02-3647-9507,0481-878-290,+61-2-3647-9507,+61-481-878-290
Gerri,Perra,gerri@yahoo.com,07-6019-7861,0416-887-937,+61-7-6019-7861,+61-416-887-937
Rosendo,Jelsma,rosendo_jelsma@hotmail.com,08-7712-4785,0477-239-199,+61-8-7712-4785,+61-477-239-199
Eveline,Brickhouse,eveline@yahoo.com,03-9517-9800,0463-242-525,+61-3-9517-9800,+61-463-242-525
Laurene,Bennett,laurene_bennett@gmail.com,08-2969-2908,0468-234-875,+61-8-2969-2908,+61-468-234-875
Tegan,Ebershoff,tegan_ebershoff@hotmail.com,02-6604-9720,0499-760-910,+61-2-6604-9720,+61-499-760-910
Tracie,Huro,thuro@gmail.com,07-1951-6787,0494-620-234,+61-7-1951-6787,+61-494-620-234
Mertie,Kazeck,mertie.kazeck@kazeck.com.au,08-5475-6162,0446-422-535,+61-8-5475-6162,+61-446-422-535
Clare,Bortignon,clare_bortignon@hotmail.com,08-9256-6135,0423-874-910,+61-8-9256-6135,+61-423-874-910
Rebeca,Baley,rebeca_baley@hotmail.com,02-7049-7728,0486-736-129,+61-2-7049-7728,+61-486-736-129
Nilsa,Pawell,npawell@pawell.net.au,07-8997-8513,0486-504-582,+61-7-8997-8513,+61-486-504-582
Samuel,Arellanes,samuel.arellanes@arellanes.net.au,02-7995-6787,0446-710-661,+61-2-7995-6787,+61-446-710-661
Ivette,Servantes,ivette_servantes@servantes.com.au,03-9801-9429,0488-109-742,+61-3-9801-9429,+61-488-109-742
Merrilee,Fajen,merrilee@fajen.net.au,07-9104-1459,0489-493-308,+61-7-9104-1459,+61-489-493-308
Gianna,Eilers,gianna@yahoo.com,03-4328-5253,0418-994-884,+61-3-4328-5253,+61-418-994-884
Hyman,Phinazee,hphinazee@yahoo.com,08-5756-9456,0446-460-955,+61-8-5756-9456,+61-446-460-955
Buck,Pascucci,buck@yahoo.com,08-9279-1731,0453-818-566,+61-8-9279-1731,+61-453-818-566
Kenny,Leicht,kenny@leicht.com.au,03-6240-8274,0486-712-822,+61-3-6240-8274,+61-486-712-822
Tabetha,Bai,tabetha.bai@gmail.com,07-6813-6477,0438-141-107,+61-7-6813-6477,+61-438-141-107
Alonso,Popper,alonso_popper@hotmail.com,03-7036-7071,0448-235-525,+61-3-7036-7071,+61-448-235-525
Alonzo,Polek,alonzo_polek@polek.net.au,03-2403-7167,0419-100-429,+61-3-2403-7167,+61-419-100-429
Son,Magnotta,son.magnotta@magnotta.net.au,02-2376-7653,0446-520-807,+61-2-2376-7653,+61-446-520-807
Jesusita,Druck,jesusita@druck.net.au,08-3605-3943,0424-741-530,+61-8-3605-3943,+61-424-741-530
Annice,Kunich,annice_kunich@kunich.net.au,02-6769-6153,0449-775-616,+61-2-6769-6153,+61-449-775-616
Delila,Buchman,delila.buchman@hotmail.com,08-1791-7668,0454-544-286,+61-8-1791-7668,+61-454-544-286
Iraida,Sionesini,iraida.sionesini@yahoo.com,03-4812-5654,0490-625-307,+61-3-4812-5654,+61-490-625-307
Alona,Driesenga,alona_driesenga@hotmail.com,08-6777-4159,0428-176-191,+61-8-6777-4159,+61-428-176-191
Lajuana,Vonderahe,lajuana.vonderahe@yahoo.com,03-5661-2424,0430-111-686,+61-3-5661-2424,+61-430-111-686
Madelyn,Maestri,madelyn.maestri@yahoo.com,02-2129-8131,0413-115-438,+61-2-2129-8131,+61-413-115-438
Louann,Susmilch,louann_susmilch@yahoo.com,07-5035-4889,0489-594-290,+61-7-5035-4889,+61-489-594-290
William,Devol,wdevol@devol.net.au,07-4963-5297,0485-183-917,+61-7-4963-5297,+61-485-183-917
Corazon,Grafenstein,cgrafenstein@gmail.com,08-1624-7236,0481-500-964,+61-8-1624-7236,+61-481-500-964
Fairy,Burket,fairy_burket@burket.com.au,08-9159-7562,0472-806-350,+61-8-9159-7562,+61-472-806-350
Lashawn,Urion,lurion@yahoo.com,02-4794-6673,0436-337-750,+61-2-4794-6673,+61-436-337-750
Ronald,Gayner,rgayner@hotmail.com,03-7734-9557,0499-737-220,+61-3-7734-9557,+61-499-737-220
Shizue,Hayduk,shayduk@gmail.com,03-2297-9891,0456-480-906,+61-3-2297-9891,+61-456-480-906
Nida,Fitz,nfitz@hotmail.com,07-7445-2572,0473-495-435,+61-7-7445-2572,+61-473-495-435
Amos,Limberg,alimberg@limberg.com.au,03-4539-9131,0492-444-651,+61-3-4539-9131,+61-492-444-651
Dexter,Prosienski,dexter@prosienski.net.au,03-2454-6523,0472-707-132,+61-3-2454-6523,+61-472-707-132
Ludivina,Calamarino,lcalamarino@yahoo.com,07-5378-4498,0482-267-844,+61-7-5378-4498,+61-482-267-844
Ariel,Stavely,ariel_stavely@stavely.com.au,03-6510-4788,0441-579-823,+61-3-6510-4788,+61-441-579-823
Haley,Vaughn,haley_vaughn@vaughn.net.au,03-7035-6484,0430-736-276,+61-3-7035-6484,+61-430-736-276
Raelene,Legeyt,raelene@gmail.com,03-4878-1766,0463-745-755,+61-3-4878-1766,+61-463-745-755
Micaela,Shiflett,micaela_shiflett@shiflett.com.au,08-8856-8589,0451-514-152,+61-8-8856-8589,+61-451-514-152
Alpha,Prudhomme,aprudhomme@hotmail.com,07-9053-8045,0464-687-686,+61-7-9053-8045,+61-464-687-686
Zack,Warman,zwarman@gmail.com,08-9948-2940,0414-749-850,+61-8-9948-2940,+61-414-749-850
Wilford,Pata,wilford_pata@pata.net.au,07-7445-2538,0445-797-121,+61-7-7445-2538,+61-445-797-121
Carman,Robasciotti,carman_robasciotti@hotmail.com,03-1570-9956,0420-704-683,+61-3-1570-9956,+61-420-704-683
Carylon,Bayot,carylon@gmail.com,03-8858-7088,0475-926-458,+61-3-8858-7088,+61-475-926-458
Gladys,Schmale,gschmale@schmale.net.au,08-4564-2338,0410-812-931,+61-8-4564-2338,+61-410-812-931
Matilda,Peleg,matilda.peleg@hotmail.com,03-1130-5685,0481-222-272,+61-3-1130-5685,+61-481-222-272
Jacklyn,Wojnar,jacklyn@hotmail.com,02-6287-8787,0434-382-805,+61-2-6287-8787,+61-434-382-805
Tashia,Charney,tashia.charney@charney.net.au,07-7659-5711,0450-769-383,+61-7-7659-5711,+61-450-769-383
Dorian,Eischens,deischens@gmail.com,02-7739-6600,0428-946-162,+61-2-7739-6600,+61-428-946-162
Jesus,Merkt,jesus_merkt@merkt.net.au,03-9341-9757,0492-739-675,+61-3-9341-9757,+61-492-739-675
Brandee,Svoboda,brandee_svoboda@svoboda.net.au,08-3614-5966,0419-644-936,+61-8-3614-5966,+61-419-644-936
Edda,Mcquaide,emcquaide@yahoo.com,03-1465-8645,0416-330-811,+61-3-1465-8645,+61-416-330-811
Felix,Bumby,felix.bumby@bumby.com.au,03-1431-3996,0485-718-212,+61-3-1431-3996,+61-485-718-212
Ben,Kellman,ben_kellman@kellman.net.au,02-7968-9243,0441-733-809,+61-2-7968-9243,+61-441-733-809
Mickie,Upton,mickie.upton@yahoo.com,07-7647-5420,0499-576-666,+61-7-7647-5420,+61-499-576-666
Phung,Krome,pkrome@yahoo.com,03-9617-5392,0417-815-258,+61-3-9617-5392,+61-417-815-258
Lashonda,Langanke,lashonda@langanke.net.au,03-9838-7533,0491-793-730,+61-3-9838-7533,+61-491-793-730
Patria,Popa,patria.popa@gmail.com,02-6522-3993,0493-319-728,+61-2-6522-3993,+61-493-319-728
Nidia,Horr,nidia@gmail.com,07-8441-8214,0437-170-488,+61-7-8441-8214,+61-437-170-488
Skye,Culcasi,skye_culcasi@hotmail.com,03-9075-3104,0451-601-420,+61-3-9075-3104,+61-451-601-420
Kanisha,Reyelts,kreyelts@yahoo.com,03-2921-8418,0423-358-965,+61-3-2921-8418,+61-423-358-965
Hector,Barras,hector.barras@barras.com.au,03-3017-8394,0438-431-666,+61-3-3017-8394,+61-438-431-666
Stefan,Mongolo,stefan_mongolo@mongolo.net.au,08-4563-6214,0495-777-435,+61-8-4563-6214,+61-495-777-435
Francoise,Byon,francoise@hotmail.com,08-3914-9404,0430-357-187,+61-8-3914-9404,+61-430-357-187
Lindy,Vandermeer,lindy@vandermeer.com.au,07-9407-9202,0417-325-352,+61-7-9407-9202,+61-417-325-352
Arthur,Diniz,arthur@gmail.com,03-2517-3453,0429-206-122,+61-3-2517-3453,+61-429-206-122
Nicholle,Hulme,nicholle_hulme@hulme.com.au,07-7144-4719,0476-915-729,+61-7-7144-4719,+61-476-915-729
Tijuana,Mesch,tijuana_mesch@gmail.com,07-1415-9307,0444-393-673,+61-7-1415-9307,+61-444-393-673
Lorenza,Schoenleber,lorenza.schoenleber@schoenleber.com.au,08-8081-7779,0445-830-408,+61-8-8081-7779,+61-445-830-408
Iola,Baird,ibaird@baird.net.au,08-2325-5905,0482-635-206,+61-8-2325-5905,+61-482-635-206
Sang,Weigner,sweigner@gmail.com,03-8912-5755,0419-565-485,+61-3-8912-5755,+61-419-565-485
Leonor,Prez,lprez@prez.com.au,02-7463-8776,0466-155-348,+61-2-7463-8776,+61-466-155-348
Silvana,Whelpley,swhelpley@yahoo.com,03-5175-6193,0489-343-254,+61-3-5175-6193,+61-489-343-254
Anthony,Stever,anthony.stever@hotmail.com,07-7092-8542,0495-801-419,+61-7-7092-8542,+61-495-801-419
Wenona,Carmel,wenona@gmail.com,02-2832-1545,0439-849-209,+61-2-2832-1545,+61-439-849-209
Isadora,Yurick,iyurick@hotmail.com,07-9595-6042,0412-855-847,+61-7-9595-6042,+61-412-855-847
Mose,Vonseggern,mose_vonseggern@hotmail.com,07-5769-8004,0467-531-601,+61-7-5769-8004,+61-467-531-601
Marci,Aveline,marci.aveline@hotmail.com,08-3342-3889,0447-443-927,+61-8-3342-3889,+61-447-443-927
Michel,Hoyne,michel@hoyne.com.au,08-6183-9260,0481-466-206,+61-8-6183-9260,+61-481-466-206
Stephania,Connon,stephania.connon@connon.com.au,02-5725-5992,0416-443-185,+61-2-5725-5992,+61-416-443-185
Charolette,Turk,cturk@yahoo.com,08-4735-5054,0430-400-899,+61-8-4735-5054,+61-430-400-899
Katie,Magro,katie_magro@gmail.com,02-7265-9702,0439-832-641,+61-2-7265-9702,+61-439-832-641
Inocencia,Angeron,inocencia.angeron@angeron.net.au,03-6268-2647,0482-712-669,+61-3-6268-2647,+61-482-712-669
Nikita,Novosel,nikita_novosel@novosel.net.au,03-5716-1053,0470-886-805,+61-3-5716-1053,+61-470-886-805
Malcolm,Gohlke,malcolm@yahoo.com,07-9826-3950,0450-887-422,+61-7-9826-3950,+61-450-887-422
Desiree,Englund,denglund@gmail.com,08-5289-4594,0414-731-630,+61-8-5289-4594,+61-414-731-630
Holley,Worland,holley.worland@hotmail.com,02-9885-9593,0469-808-491,+61-2-9885-9593,+61-469-808-491
Maryann,Tates,mtates@yahoo.com,08-1520-4093,0479-474-917,+61-8-1520-4093,+61-479-474-917
Ling,Dibello,ling_dibello@yahoo.com,07-1330-6750,0444-175-406,+61-7-1330-6750,+61-444-175-406
Hailey,Kopet,hailey_kopet@kopet.com.au,07-3799-1667,0443-979-875,+61-7-3799-1667,+61-443-979-875
Farrah,Malboeuf,farrah@malboeuf.com.au,03-7139-6376,0472-511-112,+61-3-7139-6376,+61-472-511-112
Candra,Deritis,candra@deritis.net.au,03-4231-3633,0439-769-439,+61-3-4231-3633,+61-439-769-439
Reuben,Hegland,reuben@yahoo.com,02-1402-5215,0489-476-500,+61-2-1402-5215,+61-489-476-500
Anglea,Andrion,anglea.andrion@andrion.com.au,07-3239-2830,0442-946-694,+61-7-3239-2830,+61-442-946-694
Paris,Tuccio,paris.tuccio@hotmail.com,08-8868-2010,0417-281-870,+61-8-8868-2010,+61-417-281-870
Latricia,Schmoyer,latricia_schmoyer@hotmail.com,08-5444-3296,0459-945-995,+61-8-5444-3296,+61-459-945-995
Jeffrey,Leuenberger,jleuenberger@yahoo.com,08-1267-4421,0436-612-609,+61-8-1267-4421,+61-436-612-609
Dean,Vollstedt,dvollstedt@vollstedt.com.au,03-6776-1146,0492-559-630,+61-3-6776-1146,+61-492-559-630
Deane,Haag,dhaag@hotmail.com,02-9718-2944,0453-828-758,+61-2-9718-2944,+61-453-828-758
Edelmira,Pedregon,edelmira_pedregon@hotmail.com,08-8484-3223,0454-458-365,+61-8-8484-3223,+61-454-458-365
Andrew,Keks,andrew@gmail.com,03-5251-3153,0499-155-325,+61-3-5251-3153,+61-499-155-325
Miesha,Decelles,mdecelles@decelles.net.au,03-5185-6258,0440-277-657,+61-3-5185-6258,+61-440-277-657
Javier,Osmer,javier@osmer.com.au,03-8369-6924,0489-202-570,+61-3-8369-6924,+61-489-202-570
Kizzy,Stangle,kizzy.stangle@yahoo.com,08-1937-3980,0474-218-755,+61-8-1937-3980,+61-474-218-755
Sharan,Wodicka,sharan@wodicka.net.au,08-4712-2157,0413-129-424,+61-8-4712-2157,+61-413-129-424
Novella,Fritch,nfritch@fritch.com.au,02-2612-1455,0458-731-791,+61-2-2612-1455,+61-458-731-791
German,Dones,german@gmail.com,02-2393-3289,0495-882-447,+61-2-2393-3289,+61-495-882-447
Robt,Blanck,robt.blanck@yahoo.com,03-6517-9318,0415-690-961,+61-3-6517-9318,+61-415-690-961
Rossana,Biler,rossana.biler@biler.net.au,08-9855-2125,0461-569-843,+61-8-9855-2125,+61-461-569-843
Henriette,Gish,henriette.gish@gish.net.au,03-9935-5135,0413-952-396,+61-3-9935-5135,+61-413-952-396
Buffy,Stitely,buffy_stitely@stitely.com.au,03-1600-5230,0451-121-905,+61-3-1600-5230,+61-451-121-905
Christiane,Osmanski,christiane@gmail.com,08-9693-9052,0418-813-310,+61-8-9693-9052,+61-418-813-310
Annamae,Lothridge,alothridge@hotmail.com,02-1919-3941,0495-759-817,+61-2-1919-3941,+61-495-759-817
Vanesa,Glockner,vanesa@glockner.com.au,07-7052-4547,0496-610-278,+61-7-7052-4547,+61-496-610-278
Gennie,Pastorino,gennie.pastorino@gmail.com,08-4753-2870,0425-685-933,+61-8-4753-2870,+61-425-685-933
Tamra,Kenfield,tkenfield@kenfield.com.au,08-5614-9153,0438-378-139,+61-8-5614-9153,+61-438-378-139
Tien,Kinney,tien_kinney@kinney.com.au,03-7767-6169,0468-244-186,+61-3-7767-6169,+61-468-244-186
Malcom,Leja,malcom@leja.com.au,03-2477-9133,0412-417-394,+61-3-2477-9133,+61-412-417-394
Claudia,Gawrych,claudia@gmail.com,02-4246-3092,0465-885-293,+61-2-4246-3092,+61-465-885-293
Page,Entzi,page@entzi.net.au,03-2484-5500,0497-335-342,+61-3-2484-5500,+61-497-335-342
Lorita,Roches,lorita_roches@roches.net.au,08-2358-3115,0436-530-773,+61-8-2358-3115,+61-436-530-773
Annita,Lek,annita.lek@lek.net.au,08-3384-3181,0426-888-203,+61-8-3384-3181,+61-426-888-203
Eliseo,Mikovec,emikovec@mikovec.com.au,02-9829-2371,0497-955-472,+61-2-9829-2371,+61-497-955-472
Tyisha,Layland,tyisha@yahoo.com,08-2158-6758,0490-478-206,+61-8-2158-6758,+61-490-478-206
Colene,Tolbent,colene.tolbent@tolbent.net.au,02-4376-1104,0466-541-467,+61-2-4376-1104,+61-466-541-467
Francis,Senters,fsenters@gmail.com,03-5933-7288,0463-965-946,+61-3-5933-7288,+61-463-965-946
Hester,Dollins,hester_dollins@gmail.com,02-1622-6412,0473-268-319,+61-2-1622-6412,+61-473-268-319
Susana,Baumgarter,susana.baumgarter@yahoo.com,02-5410-5137,0491-209-954,+61-2-5410-5137,+61-491-209-954
Dahlia,Tummons,dahlia.tummons@gmail.com,03-8216-8640,0430-768-907,+61-3-8216-8640,+61-430-768-907
Osvaldo,Falvey,osvaldo.falvey@yahoo.com,07-4854-5045,0437-545-265,+61-7-4854-5045,+61-437-545-265
Armando,Barkley,armando.barkley@yahoo.com,08-8161-8201,0465-254-471,+61-8-8161-8201,+61-465-254-471
Torie,Deras,torie_deras@yahoo.com,07-8371-4719,0426-991-115,+61-7-8371-4719,+61-426-991-115
Tamie,Hollimon,tamie@hollimon.com.au,08-7046-5484,0423-870-900,+61-8-7046-5484,+61-423-870-900
Lettie,Hessenthaler,lettie_hessenthaler@hessenthaler.net.au,03-5855-5156,0454-956-810,+61-3-5855-5156,+61-454-956-810
Chaya,Muhlbauer,chaya_muhlbauer@muhlbauer.net.au,08-5943-4352,0469-609-289,+61-8-5943-4352,+61-469-609-289
Terina,Wildeboer,terina_wildeboer@wildeboer.com.au,03-9107-7349,0438-810-326,+61-3-9107-7349,+61-438-810-326
Lisbeth,Agney,lisbeth.agney@agney.net.au,08-1184-4145,0449-675-754,+61-8-1184-4145,+61-449-675-754
Lillian,Dominique,lillian@hotmail.com,07-3594-6592,0490-548-561,+61-7-3594-6592,+61-490-548-561
Corrina,Lindblom,clindblom@gmail.com,08-7915-5110,0463-118-373,+61-8-7915-5110,+61-463-118-373
Dylan,Chaleun,dylan_chaleun@hotmail.com,07-2319-2889,0412-631-864,+61-7-2319-2889,+61-412-631-864
Jerrod,Luening,jerrod_luening@luening.com.au,02-9554-9632,0451-857-511,+61-2-9554-9632,+61-451-857-511
Gracie,Vicente,gracie.vicente@hotmail.com,03-2444-8291,0420-776-847,+61-3-2444-8291,+61-420-776-847
Barabara,Amedro,barabara@amedro.net.au,02-3449-6894,0467-209-469,+61-2-3449-6894,+61-467-209-469
Delsie,Ducos,dducos@hotmail.com,03-1361-8465,0458-548-827,+61-3-1361-8465,+61-458-548-827
Cassie,Digregorio,cdigregorio@digregorio.net.au,02-7922-5417,0433-677-495,+61-2-7922-5417,+61-433-677-495
Tamekia,Kajder,tamekia_kajder@yahoo.com,02-7498-8576,0418-218-423,+61-2-7498-8576,+61-418-218-423
Johanna,Saffer,johanna@yahoo.com,02-5970-1748,0477-424-229,+61-2-5970-1748,+61-477-424-229
Sharita,Kruk,sharita_kruk@gmail.com,02-7386-4544,0442-976-132,+61-2-7386-4544,+61-442-976-132
Gerald,Chrusciel,gerald@chrusciel.net.au,07-7446-6315,0426-833-750,+61-7-7446-6315,+61-426-833-750
Ardella,Dieterich,ardella.dieterich@yahoo.com,07-3581-9462,0426-488-593,+61-7-3581-9462,+61-426-488-593
Jackie,Kellebrew,jackie.kellebrew@kellebrew.com.au,07-9840-6419,0448-206-407,+61-7-9840-6419,+61-448-206-407
Mabelle,Ramero,mabelle.ramero@ramero.net.au,07-8857-6463,0427-579-588,+61-7-8857-6463,+61-427-579-588
Jonell,Biasi,jbiasi@biasi.net.au,02-5095-2983,0486-778-453,+61-2-5095-2983,+61-486-778-453
Linwood,Wessner,linwood.wessner@hotmail.com,03-6053-2447,0487-913-509,+61-3-6053-2447,+61-487-913-509
Samira,Heninger,sheninger@yahoo.com,07-9512-2457,0443-539-658,+61-7-9512-2457,+61-443-539-658
Julieta,Cropsey,julieta@yahoo.com,07-4217-6258,0420-286-404,+61-7-4217-6258,+61-420-286-404
Serita,Barthlow,serita_barthlow@gmail.com,08-2941-7378,0493-703-129,+61-8-2941-7378,+61-493-703-129
Tori,Tepley,tori@tepley.net.au,02-2493-1870,0449-807-281,+61-2-2493-1870,+61-449-807-281
Nancey,Whal,nancey@whal.net.au,02-3248-3283,0426-612-418,+61-2-3248-3283,+61-426-612-418
Wilbert,Beckes,wilbert@hotmail.com,07-9178-6430,0455-947-547,+61-7-9178-6430,+61-455-947-547
Werner,Hermens,whermens@hermens.net.au,03-9085-5714,0462-625-869,+61-3-9085-5714,+61-462-625-869
Sunny,Catton,scatton@catton.com.au,07-1217-9907,0450-440-670,+61-7-1217-9907,+61-450-440-670
Keva,Moehring,keva.moehring@moehring.net.au,02-9187-4769,0448-465-944,+61-2-9187-4769,+61-448-465-944
Mary,Dingler,mary.dingler@gmail.com,07-3963-4469,0452-920-972,+61-7-3963-4469,+61-452-920-972
Huey,Bukovac,huey.bukovac@hotmail.com,08-5236-2143,0486-924-555,+61-8-5236-2143,+61-486-924-555
Antonio,Eighmy,antonio.eighmy@yahoo.com,03-6144-7318,0438-100-197,+61-3-6144-7318,+61-438-100-197
Quinn,Weissbrodt,qweissbrodt@weissbrodt.com.au,02-7239-9923,0432-253-912,+61-2-7239-9923,+61-432-253-912
Carin,Georgiades,cgeorgiades@gmail.com,08-8343-3550,0475-701-279,+61-8-8343-3550,+61-475-701-279
Jill,Davoren,jill_davoren@davoren.net.au,07-1698-9047,0468-451-905,+61-7-1698-9047,+61-468-451-905
Sanjuana,Goodness,sgoodness@goodness.net.au,02-2208-2711,0436-444-424,+61-2-2208-2711,+61-436-444-424
Elin,Koerner,elin_koerner@koerner.com.au,08-5221-9700,0472-281-671,+61-8-5221-9700,+61-472-281-671
Charlena,Decamp,charlena@gmail.com,08-7615-2416,0469-445-592,+61-8-7615-2416,+61-469-445-592
Annette,Breyer,abreyer@hotmail.com,07-5417-9612,0484-806-405,+61-7-5417-9612,+61-484-806-405
Alexis,Morguson,amorguson@morguson.com.au,08-1895-1457,0475-760-952,+61-8-1895-1457,+61-475-760-952
Princess,Saffo,princess_saffo@hotmail.com,02-2656-6234,0467-758-219,+61-2-2656-6234,+61-467-758-219
Ashton,Sutherburg,asutherburg@gmail.com,03-9215-3224,0427-327-492,+61-3-9215-3224,+61-427-327-492
Elmer,Redlon,elmer@hotmail.com,02-1075-4690,0463-757-229,+61-2-1075-4690,+61-463-757-229
Aliza,Akiyama,aliza@yahoo.com,02-9324-7803,0445-609-538,+61-2-9324-7803,+61-445-609-538
Ora,Handrick,ora.handrick@gmail.com,03-8357-4617,0411-111-689,+61-3-8357-4617,+61-411-111-689
Brent,Ahlborn,bahlborn@ahlborn.com.au,08-4563-9520,0492-994-709,+61-8-4563-9520,+61-492-994-709
Tora,Telch,tora@telch.net.au,08-8808-8104,0429-419-390,+61-8-8808-8104,+61-429-419-390
Hildred,Eilbeck,hildred_eilbeck@eilbeck.net.au,08-2922-4115,0463-881-817,+61-8-2922-4115,+61-463-881-817
Dante,Freiman,dante_freiman@freiman.net.au,07-1964-4238,0432-682-937,+61-7-1964-4238,+61-432-682-937
Emmanuel,Avera,emmanuel@yahoo.com,02-1987-8525,0498-489-459,+61-2-1987-8525,+61-498-489-459
Keshia,Wasp,kwasp@wasp.net.au,08-1683-9243,0439-885-729,+61-8-1683-9243,+61-439-885-729
Sherman,Mahmud,sherman@mahmud.com.au,02-2621-3361,0468-488-918,+61-2-2621-3361,+61-468-488-918
Lore,Brothers,lore@hotmail.com,03-8780-3473,0449-337-116,+61-3-8780-3473,+61-449-337-116
Shawn,Weibe,shawn@hotmail.com,03-9480-9611,0456-595-946,+61-3-9480-9611,+61-456-595-946
Karima,Cheever,karima_cheever@hotmail.com,02-5977-8561,0416-963-557,+61-2-5977-8561,+61-416-963-557
Francesco,Kloos,fkloos@kloos.com.au,08-1687-4873,0420-185-206,+61-8-1687-4873,+61-420-185-206
King,Picton,king@hotmail.com,08-7605-2080,0468-322-703,+61-8-7605-2080,+61-468-322-703
Mica,Simco,msimco@gmail.com,07-1037-3391,0471-169-302,+61-7-1037-3391,+61-471-169-302
Lamonica,Princiotta,lamonica@hotmail.com,08-5227-2620,0425-628-359,+61-8-5227-2620,+61-425-628-359
Curtis,Ware,curtis@ware.net.au,08-6278-9532,0484-331-585,+61-8-6278-9532,+61-484-331-585
Sabrina,Rabena,sabrina_rabena@hotmail.com,03-5662-3542,0486-768-529,+61-3-5662-3542,+61-486-768-529
Denae,Saeteun,denae_saeteun@hotmail.com,03-2802-7434,0410-539-386,+61-3-2802-7434,+61-410-539-386
Anastacia,Carranzo,anastacia@yahoo.com,02-6078-3417,0481-193-115,+61-2-6078-3417,+61-481-193-115
Irving,Plocica,irving@hotmail.com,03-9050-2741,0465-434-187,+61-3-9050-2741,+61-465-434-187
Elenor,Siefken,elenor.siefken@yahoo.com,07-5085-8138,0419-509-353,+61-7-5085-8138,+61-419-509-353
Mary,Irene,mirene@gmail.com,08-8012-6469,0411-620-740,+61-8-8012-6469,+61-411-620-740
Crista,Padua,crista_padua@gmail.com,02-9472-5814,0471-602-916,+61-2-9472-5814,+61-471-602-916
Lawana,Yuasa,lawana_yuasa@yuasa.net.au,03-2324-3472,0456-330-756,+61-3-2324-3472,+61-456-330-756
Maryrose,Cove,mcove@hotmail.com,02-8010-8344,0440-811-454,+61-2-8010-8344,+61-440-811-454
Lindsey,Rathmann,lindsey_rathmann@rathmann.com.au,08-1269-1489,0499-741-651,+61-8-1269-1489,+61-499-741-651
Lynelle,Koury,lynelle.koury@koury.net.au,03-5213-8219,0462-987-152,+61-3-5213-8219,+61-462-987-152
Brice,Bogacz,bbogacz@hotmail.com,08-5203-2193,0467-821-930,+61-8-5203-2193,+61-467-821-930
Laine,Killean,laine@gmail.com,03-2813-6426,0411-276-383,+61-3-2813-6426,+61-411-276-383
Rachael,Crawley,rachael@gmail.com,08-2089-8553,0459-738-842,+61-8-2089-8553,+61-459-738-842
Della,Selestewa,della.selestewa@gmail.com,02-4885-8382,0456-162-659,+61-2-4885-8382,+61-456-162-659
Thomasena,Graziosi,thomasena@gmail.com,08-4849-4417,0434-497-618,+61-8-4849-4417,+61-434-497-618
Frederic,Schimke,fschimke@schimke.com.au,03-4829-5695,0435-982-307,+61-3-4829-5695,+61-435-982-307
Halina,Dellen,halina.dellen@dellen.com.au,08-6742-2308,0478-235-293,+61-8-6742-2308,+61-478-235-293
Ryann,Riston,ryann@hotmail.com,07-9920-3550,0423-341-752,+61-7-9920-3550,+61-423-341-752
Shawn,Vugteveen,svugteveen@vugteveen.net.au,07-3103-8372,0480-561-819,+61-7-3103-8372,+61-480-561-819
Leah,Milsap,leah@milsap.com.au,08-4040-9192,0452-193-155,+61-8-4040-9192,+61-452-193-155
Ira,Zihal,ira.zihal@yahoo.com,07-4724-9987,0466-603-340,+61-7-4724-9987,+61-466-603-340
Paris,Kinnison,paris.kinnison@gmail.com,07-4518-4450,0454-257-906,+61-7-4518-4450,+61-454-257-906
Shayne,Sundahl,shayne.sundahl@gmail.com,08-8587-1196,0443-386-213,+61-8-8587-1196,+61-443-386-213
Ernestine,Paavola,ernestine.paavola@paavola.com.au,08-1140-6357,0414-354-955,+61-8-1140-6357,+61-414-354-955
Eleonore,Everline,eeverline@hotmail.com,03-5355-5505,0497-442-813,+61-3-5355-5505,+61-497-442-813
Misty,Leriche,mleriche@yahoo.com,07-5486-1002,0414-661-490,+61-7-5486-1002,+61-414-661-490
Na,Hodges,na_hodges@hotmail.com,08-8215-1588,0444-777-459,+61-8-8215-1588,+61-444-777-459
Juan,Knudtson,juan@gmail.com,03-9173-6140,0474-730-764,+61-3-9173-6140,+61-474-730-764
Gerald,Kloepper,gerald@yahoo.com,07-4297-4607,0437-819-518,+61-7-4297-4607,+61-437-819-518
Desmond,Tarkowski,desmond_tarkowski@hotmail.com,07-6793-5954,0445-121-372,+61-7-6793-5954,+61-445-121-372
Tommy,Gennusa,tommy@hotmail.com,02-5444-1961,0498-290-826,+61-2-5444-1961,+61-498-290-826
Adrianna,Poncio,adrianna@poncio.com.au,07-6113-9653,0432-130-553,+61-7-6113-9653,+61-432-130-553
Adaline,Galagher,adaline.galagher@galagher.com.au,02-3225-1954,0416-156-336,+61-2-3225-1954,+61-416-156-336
Tammi,Schiavi,tammi.schiavi@hotmail.com,08-9707-2679,0425-809-254,+61-8-9707-2679,+61-425-809-254
Virgilio,Phay,vphay@phay.com.au,08-8147-9584,0460-368-567,+61-8-8147-9584,+61-460-368-567
Emeline,Sotelo,emeline@gmail.com,07-7240-6480,0451-790-704,+61-7-7240-6480,+61-451-790-704
Marcos,Seniff,marcos_seniff@gmail.com,03-6340-5010,0464-786-310,+61-3-6340-5010,+61-464-786-310
Yuonne,Carabajal,ycarabajal@carabajal.com.au,08-7432-4632,0470-345-731,+61-8-7432-4632,+61-470-345-731
Gladis,Kazemi,gkazemi@kazemi.net.au,07-6444-3666,0444-157-156,+61-7-6444-3666,+61-444-157-156
Muriel,Drozdowski,muriel_drozdowski@hotmail.com,07-5686-8088,0473-213-595,+61-7-5686-8088,+61-473-213-595
Juliann,Dammeyer,juliann@gmail.com,08-3562-8644,0492-961-209,+61-8-3562-8644,+61-492-961-209
Reiko,Dejarme,rdejarme@dejarme.net.au,08-3733-5261,0414-715-583,+61-8-3733-5261,+61-414-715-583
Verdell,Garness,verdell.garness@yahoo.com,02-6291-7620,0474-367-875,+61-2-6291-7620,+61-474-367-875
Arleen,Kane,arleen.kane@hotmail.com,07-3476-2066,0430-271-168,+61-7-3476-2066,+61-430-271-168
Launa,Vanauken,launa@gmail.com,08-9808-2647,0423-125-880,+61-8-9808-2647,+61-423-125-880
Casandra,Gordis,casandra_gordis@gordis.com.au,02-5808-6388,0418-327-906,+61-2-5808-6388,+61-418-327-906
Julio,Puccini,julio@gmail.com,02-5632-9914,0452-766-262,+61-2-5632-9914,+61-452-766-262
Alica,Alerte,aalerte@alerte.com.au,02-6974-7785,0423-831-803,+61-2-6974-7785,+61-423-831-803
Karol,Sarkissian,ksarkissian@yahoo.com,02-3490-2407,0419-430-467,+61-2-3490-2407,+61-419-430-467
Wava,Ochs,wava.ochs@gmail.com,02-1222-7812,0445-285-375,+61-2-1222-7812,+61-445-285-375
Felicitas,Gong,fgong@gong.com.au,07-8516-6453,0470-655-661,+61-7-8516-6453,+61-470-655-661
Jamie,Kushnir,jamie@kushnir.net.au,02-4623-8120,0426-830-817,+61-2-4623-8120,+61-426-830-817
Fidelia,Dampier,fidelia_dampier@gmail.com,02-8035-9997,0478-179-538,+61-2-8035-9997,+61-478-179-538
Kris,Medich,kris.medich@hotmail.com,03-6589-2556,0469-243-477,+61-3-6589-2556,+61-469-243-477
Lashawna,Filan,lashawna.filan@filan.net.au,08-6937-4366,0488-276-458,+61-8-6937-4366,+61-488-276-458
Lachelle,Andrzejewski,lachelle.andrzejewski@andrzejewski.com.au,02-3416-9617,0453-493-910,+61-2-3416-9617,+61-453-493-910
Katy,Saltourides,katy_saltourides@yahoo.com,02-3003-1369,0481-278-876,+61-2-3003-1369,+61-481-278-876
Bettyann,Fernades,bettyann@fernades.com.au,08-2901-3421,0427-971-504,+61-8-2901-3421,+61-427-971-504
Valda,Levay,vlevay@levay.net.au,08-2401-5672,0434-637-971,+61-8-2401-5672,+61-434-637-971
Lynette,Beaureguard,lynette.beaureguard@hotmail.com,07-6679-3722,0417-544-301,+61-7-6679-3722,+61-417-544-301
Victor,Laroia,victor@laroia.net.au,02-8156-6969,0421-987-667,+61-2-8156-6969,+61-421-987-667
Pa,Badgero,pa_badgero@badgero.com.au,03-1861-5074,0480-433-145,+61-3-1861-5074,+61-480-433-145
Dorathy,Miskelly,dorathy.miskelly@gmail.com,03-6340-9772,0432-706-521,+61-3-6340-9772,+61-432-706-521
Rodrigo,Schuh,rodrigo_schuh@gmail.com,02-3869-4096,0430-503-397,+61-2-3869-4096,+61-430-503-397
Stanford,Waganer,stanford_waganer@waganer.net.au,08-3200-1670,0479-127-500,+61-8-3200-1670,+61-479-127-500
Michael,Orehek,michael_orehek@gmail.com,02-1919-1709,0482-613-598,+61-2-1919-1709,+61-482-613-598
Ines,Tokich,ines_tokich@tokich.net.au,07-5017-7337,0481-799-605,+61-7-5017-7337,+61-481-799-605
Dorinda,Markoff,dorinda_markoff@hotmail.com,02-6529-9317,0412-153-776,+61-2-6529-9317,+61-412-153-776
Clarence,Gabbert,clarence.gabbert@gmail.com,02-4776-1384,0486-302-652,+61-2-4776-1384,+61-486-302-652
Omer,Radel,omer_radel@radel.net.au,08-9919-9540,0439-808-753,+61-8-9919-9540,+61-439-808-753
Winifred,Kingshott,winifred.kingshott@yahoo.com,02-5318-1342,0471-558-187,+61-2-5318-1342,+61-471-558-187
Theresia,Salomone,theresia_salomone@gmail.com,07-8250-2277,0437-687-429,+61-7-8250-2277,+61-437-687-429
Daisy,Kearsey,dkearsey@yahoo.com,08-2127-5977,0455-503-406,+61-8-2127-5977,+61-455-503-406
Aretha,Bodle,aretha_bodle@hotmail.com,08-7385-2716,0481-452-729,+61-8-7385-2716,+61-481-452-729
Bettina,Diciano,bdiciano@diciano.com.au,02-3566-7608,0472-631-448,+61-2-3566-7608,+61-472-631-448
Omega,Mangino,omega.mangino@hotmail.com,03-6623-5501,0422-968-757,+61-3-6623-5501,+61-422-968-757
Dana,Vock,dana_vock@yahoo.com,02-6689-1150,0411-398-917,+61-2-6689-1150,+61-411-398-917
Naomi,Tuamoheloa,naomi@yahoo.com,08-6137-1726,0430-962-223,+61-8-6137-1726,+61-430-962-223
Luis,Yerry,luis@hotmail.com,03-4492-4927,0490-571-461,+61-3-4492-4927,+61-490-571-461
Dominga,Barchacky,dominga.barchacky@hotmail.com,08-3087-9658,0412-225-824,+61-8-3087-9658,+61-412-225-824
Isreal,Calizo,isreal_calizo@gmail.com,02-3494-3282,0455-472-994,+61-2-3494-3282,+61-455-472-994
Myrtie,Korba,mkorba@hotmail.com,08-3174-2706,0412-679-832,+61-8-3174-2706,+61-412-679-832
Jodi,Naifeh,jodi@hotmail.com,02-6193-5184,0488-646-644,+61-2-6193-5184,+61-488-646-644
Pearly,Hedstrom,pearly@gmail.com,08-3412-6699,0460-335-582,+61-8-3412-6699,+61-460-335-582
Aileen,Menez,aileen_menez@menez.net.au,08-1196-2822,0495-852-298,+61-8-1196-2822,+61-495-852-298
Glory,Carlo,glory_carlo@gmail.com,07-9265-7183,0490-570-424,+61-7-9265-7183,+61-490-570-424
Kathrine,Francoise,kathrine@yahoo.com,03-8791-9436,0449-461-650,+61-3-8791-9436,+61-449-461-650
Domingo,Mckale,domingo_mckale@mckale.net.au,08-9919-7850,0418-290-707,+61-8-9919-7850,+61-418-290-707
Julian,Laprade,jlaprade@laprade.net.au,07-2627-9976,0419-587-898,+61-7-2627-9976,+61-419-587-898
Marylou,Lofts,marylou_lofts@lofts.com.au,03-1765-4584,0473-727-909,+61-3-1765-4584,+61-473-727-909
Louis,Brueck,louis.brueck@brueck.net.au,08-5228-3628,0471-229-188,+61-8-5228-3628,+61-471-229-188
Ellsworth,Guenther,eguenther@hotmail.com,03-2749-1381,0442-173-327,+61-3-2749-1381,+61-442-173-327
Wilburn,Lary,wlary@lary.net.au,08-1042-4275,0431-743-155,+61-8-1042-4275,+61-431-743-155
Arlie,Borra,arlie.borra@gmail.com,02-1211-3823,0423-740-512,+61-2-1211-3823,+61-423-740-512
Alysa,Lehoux,alysa@hotmail.com,02-1385-3480,0475-366-466,+61-2-1385-3480,+61-475-366-466
Marilynn,Herrera,marilynn.herrera@herrera.net.au,03-1447-7041,0474-199-825,+61-3-1447-7041,+61-474-199-825
Scot,Jarva,scot.jarva@jarva.com.au,02-9676-4462,0445-480-672,+61-2-9676-4462,+61-445-480-672
Adelaide,Ender,aender@gmail.com,07-7538-5504,0473-505-816,+61-7-7538-5504,+61-473-505-816
Jackie,Borchelt,jackie_borchelt@hotmail.com,03-8055-8668,0423-545-966,+61-3-8055-8668,+61-423-545-966
Carli,Bame,carli@yahoo.com,07-5354-7251,0499-207-236,+61-7-5354-7251,+61-499-207-236
Coletta,Thro,coletta.thro@thro.net.au,08-1991-6947,0444-915-799,+61-8-1991-6947,+61-444-915-799
Katheryn,Lamers,katheryn_lamers@gmail.com,02-4885-1611,0497-455-126,+61-2-4885-1611,+61-497-455-126
Santos,Wisenbaker,swisenbaker@wisenbaker.net.au,02-2957-4812,0411-294-588,+61-2-2957-4812,+61-411-294-588
Kimberely,Weyman,kweyman@weyman.com.au,02-7091-8948,0441-151-810,+61-2-7091-8948,+61-441-151-810
Earlean,Suffern,earlean.suffern@suffern.net.au,02-9653-2199,0452-941-575,+61-2-9653-2199,+61-452-941-575
Dannette,Heimbaugh,dannette@gmail.com,07-8738-4205,0422-884-614,+61-7-8738-4205,+61-422-884-614
Odelia,Hutchin,odelia.hutchin@hutchin.com.au,08-9895-1954,0472-399-247,+61-8-9895-1954,+61-472-399-247
Lina,Schwiebert,lina@yahoo.com,03-3608-5660,0487-835-113,+61-3-3608-5660,+61-487-835-113
Fredric,Johanningmeie,fredric@hotmail.com,02-1827-1736,0425-214-447,+61-2-1827-1736,+61-425-214-447
Alfreda,Delsoin,adelsoin@yahoo.com,07-7369-8849,0419-246-570,+61-7-7369-8849,+61-419-246-570
Bernadine,Elamin,bernadine_elamin@yahoo.com,02-1815-8700,0448-195-542,+61-2-1815-8700,+61-448-195-542
Ming,Thaxton,mthaxton@gmail.com,03-4010-1900,0486-557-304,+61-3-4010-1900,+61-486-557-304
Gracia,Pecot,gpecot@hotmail.com,02-8081-3883,0472-903-534,+61-2-8081-3883,+61-472-903-534
Yuette,Metevelis,yuette.metevelis@metevelis.net.au,08-4700-8894,0483-854-984,+61-8-4700-8894,+61-483-854-984
Yuriko,Kazarian,yuriko_kazarian@gmail.com,08-1109-5346,0476-877-991,+61-8-1109-5346,+61-476-877-991
Hyman,Hegeman,hyman@hotmail.com,08-9280-9177,0413-650-821,+61-8-9280-9177,+61-413-650-821
Linette,Summerfield,linette.summerfield@hotmail.com,07-7489-7577,0453-580-611,+61-7-7489-7577,+61-453-580-611
Jospeh,Couzens,jospeh.couzens@couzens.com.au,03-8451-7537,0452-605-630,+61-3-8451-7537,+61-452-605-630
Anna,Ovit,anna.ovit@hotmail.com,02-4649-5341,0459-496-184,+61-2-4649-5341,+61-459-496-184
Shawnta,Woodhams,shawnta@woodhams.com.au,02-5770-8546,0410-116-435,+61-2-5770-8546,+61-410-116-435
Ettie,Luckenbach,ettie@yahoo.com,08-9378-7021,0424-568-217,+61-8-9378-7021,+61-424-568-217
Chara,Leveston,cleveston@gmail.com,03-2574-8915,0415-341-310,+61-3-2574-8915,+61-415-341-310
Lauran,Huntsberger,lhuntsberger@huntsberger.net.au,08-2704-3706,0476-605-889,+61-8-2704-3706,+61-476-605-889
Pansy,Todesco,pansy_todesco@gmail.com,03-3233-4255,0467-468-894,+61-3-3233-4255,+61-467-468-894
Georgeanna,Silverstone,georgeanna@silverstone.net.au,03-7416-6750,0436-793-916,+61-3-7416-6750,+61-436-793-916
Jesus,Liversedge,jesus.liversedge@hotmail.com,02-4418-5927,0467-331-796,+61-2-4418-5927,+61-467-331-796
Jamey,Tetter,jamey.tetter@gmail.com,07-6073-5039,0481-690-589,+61-7-6073-5039,+61-481-690-589
Alberta,Motter,alberta_motter@hotmail.com,03-1248-8221,0491-832-907,+61-3-1248-8221,+61-491-832-907
Ronald,Grube,ronald.grube@yahoo.com,08-3305-5436,0457-126-909,+61-8-3305-5436,+61-457-126-909
Tamala,Hickie,tamala_hickie@yahoo.com,03-3695-2399,0432-182-830,+61-3-3695-2399,+61-432-182-830
Gerry,Mohrmann,gerry_mohrmann@mohrmann.net.au,08-1399-2471,0490-947-955,+61-8-1399-2471,+61-490-947-955
Isaiah,Kueter,ikueter@kueter.com.au,03-3725-6290,0494-282-122,+61-3-3725-6290,+61-494-282-122
Magnolia,Overbough,moverbough@overbough.com.au,02-7947-2980,0488-624-111,+61-2-7947-2980,+61-488-624-111
Ngoc,Guglielmina,ngoc_guglielmina@hotmail.com,08-2264-5559,0490-128-503,+61-8-2264-5559,+61-490-128-503
Julene,Lauretta,julene.lauretta@gmail.com,03-1036-9594,0451-946-241,+61-3-1036-9594,+61-451-946-241
Magda,Lindbeck,magda_lindbeck@yahoo.com,02-3713-3646,0451-383-562,+61-2-3713-3646,+61-451-383-562
Shantell,Lizama,shantell.lizama@gmail.com,07-5346-5917,0459-937-449,+61-7-5346-5917,+61-459-937-449
Audria,Piccinich,audria.piccinich@gmail.com,08-9757-2379,0426-175-813,+61-8-9757-2379,+61-426-175-813
Nickole,Derenzis,nderenzis@hotmail.com,02-5573-6627,0480-120-597,+61-2-5573-6627,+61-480-120-597
Grover,Reynolds,grover.reynolds@gmail.com,08-7785-3040,0447-228-633,+61-8-7785-3040,+61-447-228-633
Rocco,Bergstrom,rocco@yahoo.com,08-3987-7521,0457-212-114,+61-8-3987-7521,+61-457-212-114
Ethan,Quintero,ethan_quintero@quintero.com.au,08-8280-9492,0488-425-192,+61-8-8280-9492,+61-488-425-192
Glynda,Sanzenbacher,glynda@sanzenbacher.com.au,03-1051-7865,0451-639-283,+61-3-1051-7865,+61-451-639-283
Yolande,Scrimsher,yolande@yahoo.com,08-2136-2433,0472-691-355,+61-8-2136-2433,+61-472-691-355
Twanna,Sieber,twanna@yahoo.com,07-5235-7319,0451-406-157,+61-7-5235-7319,+61-451-406-157
Rosenda,Petteway,rosenda@gmail.com,03-9599-4122,0438-478-951,+61-3-9599-4122,+61-438-478-951
Lacey,Francis,lacey.francis@francis.net.au,07-4119-3981,0415-135-989,+61-7-4119-3981,+61-415-135-989
Cordie,Meikle,cordie.meikle@hotmail.com,02-8727-4906,0441-386-796,+61-2-8727-4906,+61-441-386-796
Annalee,Graleski,annalee.graleski@hotmail.com,02-6118-8773,0447-563-450,+61-2-6118-8773,+61-447-563-450
Dana,Ladeau,dana@ladeau.net.au,07-3511-9233,0480-125-331,+61-7-3511-9233,+61-480-125-331
Wai,Raddle,wai.raddle@raddle.com.au,03-4811-3832,0494-517-582,+61-3-4811-3832,+61-494-517-582
Johana,Conquest,johana@conquest.net.au,08-6579-7569,0442-561-392,+61-8-6579-7569,+61-442-561-392
Tomas,Fults,tomas_fults@fults.net.au,07-1536-4805,0473-757-584,+61-7-1536-4805,+61-473-757-584
Karon,Etzler,karon@hotmail.com,03-6698-8416,0432-184-936,+61-3-6698-8416,+61-432-184-936
Delbert,Houben,delbert.houben@hotmail.com,03-1560-6800,0417-833-905,+61-3-1560-6800,+61-417-833-905
Ashleigh,Rimmer,ashleigh.rimmer@hotmail.com,03-5354-9557,0467-120-854,+61-3-5354-9557,+61-467-120-854
Nenita,Mckenna,nmckenna@yahoo.com,02-5059-2649,0419-730-349,+61-2-5059-2649,+61-419-730-349
Micah,Shear,mshear@hotmail.com,08-6270-6829,0432-703-516,+61-8-6270-6829,+61-432-703-516
Stefany,Figueras,stefany@figueras.net.au,08-2209-8647,0474-975-307,+61-8-2209-8647,+61-474-975-307
Rene,Burnsworth,rene@burnsworth.net.au,08-8222-3171,0422-183-541,+61-8-8222-3171,+61-422-183-541
Cary,Orazine,cary.orazine@hotmail.com,08-7718-8495,0419-720-227,+61-8-7718-8495,+61-419-720-227
Micheal,Ocken,micheal.ocken@ocken.net.au,02-9828-4921,0449-668-295,+61-2-9828-4921,+61-449-668-295
Frederick,Tamburello,frederick.tamburello@hotmail.com,03-4800-7102,0466-921-460,+61-3-4800-7102,+61-466-921-460
Burma,Noa,burma.noa@gmail.com,03-6438-4586,0448-770-746,+61-3-6438-4586,+61-448-770-746
Cherry,Roh,cherry_roh@yahoo.com,08-5175-3585,0476-917-926,+61-8-5175-3585,+61-476-917-926
Gabriele,Frabotta,gabriele_frabotta@gmail.com,03-2689-6049,0460-834-526,+61-3-2689-6049,+61-460-834-526
Clement,Chee,clement@hotmail.com,03-2775-4083,0485-660-179,+61-3-2775-4083,+61-485-660-179
Beckie,Apodace,bapodace@gmail.com,02-5630-3114,0469-490-273,+61-2-5630-3114,+61-469-490-273
Catrice,Fowlkes,cfowlkes@hotmail.com,07-9032-5149,0418-429-485,+61-7-9032-5149,+61-418-429-485
Richelle,Remillard,richelle.remillard@remillard.net.au,08-6831-6370,0416-611-806,+61-8-6831-6370,+61-416-611-806
Cherri,Miccio,cherri_miccio@gmail.com,07-5626-7937,0476-736-800,+61-7-5626-7937,+61-476-736-800
Dorethea,Taketa,dtaketa@taketa.net.au,07-2209-2731,0436-606-487,+61-7-2209-2731,+61-436-606-487
Barb,Latina,blatina@hotmail.com,08-8506-7259,0443-657-148,+61-8-8506-7259,+61-443-657-148
Bettye,Meray,bmeray@yahoo.com,03-9424-2956,0420-742-142,+61-3-9424-2956,+61-420-742-142
Sherrell,Sprowl,sherrell_sprowl@hotmail.com,02-4074-4461,0417-795-558,+61-2-4074-4461,+61-417-795-558
Ruth,Niglio,ruth.niglio@hotmail.com,07-5128-8956,0428-843-553,+61-7-5128-8956,+61-428-843-553
Alva,Shoulders,alva@gmail.com,08-8329-4211,0471-940-163,+61-8-8329-4211,+61-471-940-163
Carri,Palaspas,carri_palaspas@palaspas.net.au,08-6069-1579,0499-165-889,+61-8-6069-1579,+61-499-165-889
Onita,Milbrandt,onita.milbrandt@milbrandt.com.au,02-1157-3829,0485-105-744,+61-2-1157-3829,+61-485-105-744
Jessenia,Sarp,jsarp@hotmail.com,08-8878-5994,0422-775-760,+61-8-8878-5994,+61-422-775-760
Tricia,Peressini,tperessini@yahoo.com,08-4326-1560,0484-192-990,+61-8-4326-1560,+61-484-192-990
Stephaine,Manin,stephaine_manin@yahoo.com,07-2031-6566,0438-847-885,+61-7-2031-6566,+61-438-847-885
Florinda,Gudgel,fgudgel@gudgel.com.au,02-2501-8301,0444-376-606,+61-2-2501-8301,+61-444-376-606
Marsha,Farnham,marsha@farnham.com.au,02-5402-8024,0470-386-894,+61-2-5402-8024,+61-470-386-894
Josefa,Oakland,josefa_oakland@oakland.com.au,07-5404-6221,0493-826-469,+61-7-5404-6221,+61-493-826-469
Deeann,Nicklous,deeann_nicklous@gmail.com,07-6382-5073,0440-980-784,+61-7-6382-5073,+61-440-980-784
Jeannetta,Vonstaden,jvonstaden@gmail.com,02-8222-9319,0435-530-318,+61-2-8222-9319,+61-435-530-318
Desmond,Amuso,desmond@hotmail.com,02-1706-8506,0427-106-677,+61-2-1706-8506,+61-427-106-677
Trina,Bakey,tbakey@bakey.com.au,07-5922-1983,0495-376-112,+61-7-5922-1983,+61-495-376-112
Ramonita,Picotte,ramonita_picotte@yahoo.com,02-4360-8467,0479-654-997,+61-2-4360-8467,+61-479-654-997
Temeka,Bodine,temeka.bodine@gmail.com,02-2581-7479,0452-835-388,+61-2-2581-7479,+61-452-835-388
Bea,Iida,bea_iida@iida.net.au,07-6984-9278,0493-653-304,+61-7-6984-9278,+61-493-653-304
Soledad,Mockus,soledad_mockus@yahoo.com,02-1291-8182,0444-126-746,+61-2-1291-8182,+61-444-126-746
Margurite,Okon,margurite.okon@hotmail.com,03-9721-7313,0442-360-982,+61-3-9721-7313,+61-442-360-982
Artie,Saine,artie_saine@yahoo.com,03-3457-2524,0433-550-202,+61-3-3457-2524,+61-433-550-202
Major,Studwell,major@gmail.com,07-1377-6898,0426-784-480,+61-7-1377-6898,+61-426-784-480
Veronika,Buchauer,veronika.buchauer@buchauer.net.au,02-4202-5191,0434-402-895,+61-2-4202-5191,+61-434-402-895
Christene,Cisney,christene@hotmail.com,03-3630-2467,0451-465-174,+61-3-3630-2467,+61-451-465-174
Miles,Feldner,miles@hotmail.com,07-8561-5894,0475-337-188,+61-7-8561-5894,+61-475-337-188
Julio,Mikel,julio.mikel@mikel.net.au,02-6995-9902,0464-594-316,+61-2-6995-9902,+61-464-594-316
Aide,Ghera,aide.ghera@ghera.com.au,02-3738-7508,0443-448-467,+61-2-3738-7508,+61-443-448-467
Noelia,Brackett,noelia@brackett.net.au,08-3773-3770,0454-135-614,+61-8-3773-3770,+61-454-135-614
Lenora,Delacruz,lenora@delacruz.net.au,02-7862-5151,0454-434-110,+61-2-7862-5151,+61-454-434-110
